,NEGATIVE,POSITIVE
0,187,143
1,4q,abidance
2,abase,abide
3,abasement,absolve
4,abash,accede
5,aberration,acclaim
6,abhor,acclaimed
7,abhorred,acclamation
8,abhorrence,accolade
9,abhorrent,accolades
10,abhorrently,acumen
11,abhors,admirable
12,abject,admirably
13,abjectly,admiration
14,abominable,admire
15,abominably,admirer
16,abominate,admiring
17,abomination,admiringly
18,abrasive,admit
19,abscond,admittedly
20,absentminded,adorable
21,absurd,adore
22,absurdity,adored
23,absurdly,adorer
24,absurdness,adoring
25,abuse,adoringly
26,abusive,adroit
27,abysmal,adroitly
28,abysmally,adulate
29,abyss,adulation
30,accursed,adulatory
31,accusation,advantageous
32,accusations,adventuresome
33,accuse,adventurism
34,accuses,advocacy
35,accusing,advocate
36,accusingly,affable
37,acerbate,affection
38,acerbic,affectionate
39,acerbically,affirm
40,ache,affirmation
41,acrid,agree
42,acridly,agreeability
43,acridness,agreeable
44,acrimonious,agreeableness
45,acrimoniously,agreeably
46,acrimony,allay
47,adamant,allure
48,adamantly,alluring
49,admonish,alluringly
50,admonisher,ally
51,admonishingly,almighty
52,admonishment,altruist
53,admonition,altruistic
54,adulterate,altruistically
55,adulterated,amaze
56,adulteration,amazed
57,adversity,amazement
58,afflictive,amazing
59,affront,amazingly
60,afraid,ameliorate
61,aggravate,amenable
62,aggravating,amiability
63,aggravation,amiabily
64,aggression,amiable
65,aggressive,amicability
66,aggressiveness,amicable
67,aggressor,amicably
68,aggrieve,aml
69,aggrieved,amour
70,aghast,amuse
71,agitate,amusement
72,agitated,amusing
73,agitation,amusingly
74,agitator,angelic
75,agonies,apostle
76,agonize,apotheosis
77,agonizing,appealing
78,agonizingly,applaud
79,agony,appreciate
80,aimless,appreciation
81,alarmed,appreciative
82,alarming,appreciatively
83,alarmingly,appreciativeness
84,alas,ardent
85,allegation,ardently
86,allegations,ardor
87,aloof,arousal
88,ambiguity,arouse
89,ambiguous,arousing
90,ambivalence,arresting
91,ambivalent,articulate
92,amiss,ascendant
93,anarchism,ascertainable
94,anarchist,aspiration
95,anarchistic,aspirations
96,anarchy,aspire
97,anger,assent
98,angriest,assertions
99,angrily,assiduous
100,angriness,assiduously
101,angry,assure
102,anguish,assuredly
103,animosity,astonish
104,annihilate,astonished
105,annihilation,astonishing
106,annoy,astonishingly
107,annoyance,astonishment
108,annoyed,astound
109,annoying,astounded
110,annoyingly,astounding
111,antagonism,astoundingly
112,antagonistic,astute
113,antagonize,astutely
114,anti,attentive
115,antiAmerican,attest
116,antiIsraeli,attraction
117,antioccupation,attractive
118,antipathy,attractively
119,antiproliferation,auspicious
120,antiquated,aver
121,antiSemites,avid
122,antisocial,avidly
123,antithetical,awe
124,antiUS,awed
125,antiwhite,awesome
126,anxieties,awesomely
127,anxiety,awesomeness
128,anxious,awestruck
129,anxiously,bargain
130,anxiousness,beatify
131,apathetic,beauteous
132,apathetically,beautiful
133,apathy,beautifully
134,ape,beautify
135,apocalypse,beauty
136,apocalyptic,befit
137,apologist,befitting
138,apologists,befriend
139,appal,believable
140,appall,beloved
141,appalled,beneficent
142,appalling,beneficial
143,appallingly,beneficially
144,apprehension,beneficiary
145,apprehensions,benevolence
146,apprehensive,benevolent
147,apprehensively,best
148,arbitrary,bestknown
149,arcane,bestperforming
150,archaic,betterknown
151,arduous,betterthanexpected
152,arduously,blameless
153,argue,bless
154,argumentative,blessing
155,arrogance,bliss
156,arrogant,blissful
157,arrogantly,blissfully
158,ashamed,blithe
159,asinine,boast
160,asininely,bold
161,asinininity,boldly
162,askance,boldness
163,asperse,bolster
164,aspersion,bonny
165,aspersions,boundless
166,ass,bountiful
167,assassin,brains
168,assfucking,brainy
169,asshole,brave
170,asunder,bravery
171,atrocious,breathlessness
172,atrocities,breathtaking
173,atrocity,breathtakingly
174,atrophy,brilliant
175,audacious,brilliantly
176,audaciously,brook
177,audaciousness,calming
178,audacity,candid
179,austere,candor
180,autocrat,captivate
181,autocratic,captivating
182,avalanche,captivation
183,avarice,carefree
184,avaricious,catalyst
185,avariciously,catchy
186,avenge,celebrate
187,averse,celebrated
188,aversion,celebration
189,awful,celebratory
190,awfully,charismatic
191,awfulness,charm
192,awkward,charming
193,awkwardness,charmingly
194,ax,chaste
195,babble,cheer
196,backbite,cheerful
197,backbiting,cheerfullest
198,backward,cheery
199,backwardness,cherish
200,bad,cherished
201,badly,cherub
202,baffle,chic
203,baffled,chivalrous
204,bafflement,chivalry
205,baffling,civility
206,bait,clearcut
207,balk,clearer
208,banal,clearly
209,banalize,clever
210,bane,closeness
211,banish,clout
212,banishment,coax
213,barbarian,cogent
214,barbaric,coherence
215,barbarically,comely
216,barbarity,comforting
217,barbarous,commend
218,barbarously,commendable
219,barren,commendably
220,baseless,compassion
221,bashful,compassionate
222,bastard,compelling
223,bastards,compensate
224,battleground,compliant
225,battlelines,compliment
226,batty,complimentary
227,beast,comrades
228,beastly,conceivable
229,bedlam,conciliate
230,bedlamite,conciliatory
231,befoul,concur
232,beg,condone
233,beggarly,confidence
234,begging,confident
235,beguile,confute
236,belabor,congenial
237,beleaguer,congratulate
238,belie,congratulations
239,belittle,congratulatory
240,belittled,conscientious
241,belittling,consensus
242,bellicose,consent
243,belligerence,considerate
244,belligerent,constancy
245,belligerently,consummate
246,bemoan,contentment
247,bemoaning,convenient
248,bemused,conveniently
249,berate,convincing
250,bereave,convincingly
251,bereavement,cornerstone
252,bereft,correctly
253,berserk,courage
254,beseech,courageous
255,besmirch,courageously
256,bestial,courageousness
257,betray,court
258,betrayal,courteous
259,betrayals,courtesy
260,betrayer,courtly
261,bewail,cozy
262,bewilder,crave
263,bewildered,craving
264,bewildering,creative
265,bewilderingly,credence
266,bewilderment,credible
267,bewitch,crusade
268,bias,crusader
269,biased,cureall
270,biases,curious
271,bicker,curiously
272,bickering,cute
273,bitch,dare
274,bitches,daring
275,bitchy,daringly
276,biting,darling
277,bitingly,dashing
278,bitter,dauntless
279,bitterly,daydream
280,bitterness,daydreamer
281,bizarre,dazzle
282,blab,dazzled
283,blabber,dazzling
284,blah,dear
285,blame,dedicated
286,blameworthy,defender
287,bland,deference
288,blandish,definitively
289,blaspheme,deft
290,blasphemous,delectable
291,blasphemy,delicious
292,blasted,delight
293,blatant,delighted
294,blatantly,delightful
295,blather,delightfully
296,bleak,delightfulness
297,bleakly,demystify
298,bleakness,deserve
299,blinding,deserved
300,blindingly,deservedly
301,blindside,deserving
302,blister,desirable
303,blistering,desire
304,bloated,desirous
305,blockhead,destinies
306,bloodshed,destiny
307,bloodthirsty,determination
308,blunder,devote
309,blundering,devoted
310,blunders,devotee
311,blunt,devotion
312,blurt,dexterous
313,boast,dexterously
314,boastful,dextrous
315,boggle,dignified
316,bogus,dignity
317,boil,discerning
318,boiling,distinguished
319,boisterous,divine
320,bombardment,divinely
321,bombastic,dodge
322,bondage,dote
323,bonkers,dotingly
324,bore,doubtless
325,boredom,dream
326,boring,dreamland
327,botch,eager
328,bother,eagerly
329,bothersome,eagerness
330,bowdlerize,earnest
331,brag,earnestly
332,braggart,earnestness
333,bragger,easygoing
334,brainwash,ebullience
335,brash,ebullient
336,brashly,ebulliently
337,brashness,eclectic
338,brat,ecstacy
339,bravado,ecstasies
340,brazen,ecstasy
341,brazenly,ecstatic
342,brazenness,ecstatically
343,breakpoint,edify
344,brimstone,effortless
345,bristle,effortlessly
346,brokenhearted,effusion
347,brood,effusive
348,browbeat,effusively
349,brusque,effusiveness
350,brutal,elan
351,brutalises,elated
352,brutalising,elatedly
353,brutalities,elation
354,brutality,electrification
355,brutalize,elegance
356,brutalizes,elegant
357,brutalizing,elegantly
358,brutally,eloquence
359,brute,eloquent
360,brutish,eloquently
361,bullied,embellish
362,bullies,embrace
363,bullshit,eminence
364,bully,eminent
365,bullyingly,enchant
366,bungle,enchanted
367,bungler,enchanting
368,burden,enchantingly
369,burdened,encouragement
370,burdensome,encouraging
371,burdensomely,encouragingly
372,burn,endear
373,busybody,endearing
374,butchery,endorse
375,byzantine,endorsement
376,cackle,endorser
377,cajole,endurable
378,calamities,endure
379,calamitous,enduring
380,calamitously,engaging
381,calamity,engrossing
382,callous,enjoyable
383,calumniate,enjoyably
384,calumniation,enjoyment
385,calumnies,ennoble
386,calumnious,enrapt
387,calumniously,enraptured
388,calumny,entertaining
389,cancer,enthral
390,cannibal,enthrall
391,cannibalize,enthralled
392,capricious,enthuse
393,capriciously,enthusiasm
394,capriciousness,enthusiast
395,careless,enthusiastic
396,carelessness,enthusiastically
397,caricature,entice
398,carnage,enticing
399,carp,enticingly
400,cartoonish,entranced
401,castigate,entrancing
402,cataclysm,entreat
403,cataclysmal,entreatingly
404,cataclysmic,enviable
405,cataclysmically,enviably
406,catastrophe,epic
407,catastrophes,epitome
408,catastrophic,erudite
409,catastrophically,especially
410,caustic,esteem
411,caustically,eternity
412,cautionary,ethical
413,censure,eulogize
414,chafe,euphoria
415,chaff,euphoric
416,chagrin,euphorically
417,chaos,everlasting
418,chaotic,evidently
419,charisma,evocative
420,chasten,exalt
421,chastise,exaltation
422,chastisement,exalted
423,chatter,exaltedly
424,chatterbox,exalting
425,cheap,exaltingly
426,cheapen,exceed
427,cheat,exceeding
428,cheater,exceedingly
429,cheerless,excel
430,chide,excellence
431,childish,excellency
432,chit,excellent
433,cliche,excellently
434,cliched,exceptional
435,cloud,exceptionally
436,clumsy,excited
437,cock,excitedly
438,cocksucker,excitedness
439,cocksuckers,excitement
440,cocky,exciting
441,coerce,excitingly
442,coercion,excusable
443,coercive,exemplar
444,coldly,exemplary
445,collude,exhilarate
446,collusion,exhilarating
447,commiserate,exhilaratingly
448,commotion,exhilaration
449,compel,exonerate
450,complacent,expansive
451,complain,expertly
452,complaining,explicit
453,complaint,explicitly
454,complaints,exquisite
455,complicit,exquisitely
456,compulsion,extol
457,compulsive,extoll
458,concede,extraordinarily
459,conceit,extraordinary
460,conceited,exuberance
461,concerned,exuberant
462,concerns,exuberantly
463,condemn,exult
464,condemnable,exultation
465,condemnation,exultingly
466,condescend,fabulous
467,condescending,fabulously
468,condescendingly,faith
469,condescension,faithful
470,condolence,faithfully
471,condolences,faithfulness
472,confess,fame
473,confession,famed
474,confessions,famously
475,confrontation,fancy
476,confuse,fanfare
477,confused,fantastic
478,confusing,fantastically
479,confusion,fantasy
480,conspicuous,fascinate
481,conspicuously,fascinating
482,conspirator,fascinatingly
483,conspiratorial,fascination
484,conspire,fashionable
485,consternation,fashionably
486,contempt,favor
487,contemptible,favorable
488,contemptuous,favorite
489,contemptuously,favour
490,contend,fearless
491,contention,fearlessly
492,contentious,featly
493,contort,feisty
494,contortions,felicitate
495,contradict,felicitous
496,contradiction,felicity
497,contradictory,fervent
498,contrariness,fervently
499,contrary,fervid
500,contravene,fervidly
501,contrive,fervor
502,contrived,festive
503,convoluted,fidelity
504,corrupt,finely
505,corruption,firstrate
506,counterproductive,fit
507,coupists,fitting
508,covet,flatter
509,coveting,flattering
510,covetingly,flatteringly
511,covetous,flawless
512,covetously,flawlessly
513,coward,flexible
514,cowardly,flourish
515,crafty,flourishing
516,cranky,fond
517,crass,fondly
518,craven,fondness
519,cravenly,foremost
520,craze,foresight
521,crazily,forgave
522,craziness,forgive
523,crazy,forgiven
524,credulous,forgiveness
525,cringe,forgiving
526,cripple,forgivingly
527,crippling,fortitude
528,crisis,fortuitous
529,critic,fortuitously
530,critical,fortunate
531,criticism,fortunately
532,criticisms,fortune
533,criticize,fragrant
534,critics,frank
535,crook,freedom
536,crooked,friendliness
537,cross,friendly
538,cruel,frolic
539,cruelties,fun
540,cruelty,funnier
541,cry,funny
542,culpable,gaiety
543,cumbersome,gaily
544,cunt,gainful
545,cuplrit,gainfully
546,curse,gallant
547,cursed,gallantly
548,curses,galore
549,cuss,generosity
550,cutthroat,generous
551,cynical,generously
552,cynicism,genius
553,d8,giddy
554,d:<,gifted
555,damn,glad
556,damnable,gladden
557,damnably,gladly
558,damnation,gladness
559,damned,glamorous
560,damning,glee
561,damnit,gleeful
562,dangerousness,gleefully
563,dangle,glimmer
564,darn,glimmering
565,dastard,glisten
566,dastardly,glistening
567,daunt,glitter
568,daunting,glorify
569,dauntingly,glorious
570,dawdle,gloriously
571,daze,glory
572,dazed,glossy
573,dead,glow
574,deadbeat,glowing
575,deadlock,glowingly
576,deadweight,godgiven
577,dearth,godlike
578,debacle,godsend
579,debase,goodness
580,debasement,goodwill
581,debaser,gorgeous
582,debatable,gorgeously
583,debate,grace
584,debauch,graceful
585,debaucher,gracefully
586,debauchery,gracious
587,decadence,graciously
588,decadent,graciousness
589,decay,grandeur
590,decayed,grateful
591,deceit,gratefully
592,deceitful,gratification
593,deceitfully,gratify
594,deceitfulness,gratifying
595,deceive,gratifyingly
596,deceiver,gratitude
597,deceivers,great
598,deceiving,greatest
599,deception,greatness
600,deceptive,greet
601,deceptively,grin
602,declaim,grit
603,decrepit,groundbreaking
604,decrepitude,guiltless
605,decry,gumption
606,deepening,gusto
607,defamation,gutsy
608,defamations,hail
609,defamatory,halcyon
610,defame,hale
611,defective,hallowed
612,defiance,handily
613,defiant,handsome
614,defiantly,handy
615,defile,hanker
616,defiler,happiest
617,defrauding,happily
618,defunct,happiness
619,defy,happy
620,degenerate,hardier
621,degenerately,harmless
622,degeneration,harmonious
623,degradation,harmoniously
624,degrade,harmonize
625,degrading,harmony
626,degradingly,haven
627,dehumanization,heady
628,dehumanize,healthful
629,deign,heart
630,deject,hearten
631,dejected,heartening
632,dejectedly,heartfelt
633,dejection,heartily
634,delirious,hearts
635,delirium,heartwarming
636,delude,heavenly
637,deluded,herald
638,delusion,hero
639,delusional,heroic
640,delusions,heroically
641,demand,heroine
642,demean,heroize
643,demeaning,heros
644,demise,highlight
645,demon,hilarious
646,demonic,hilariously
647,demonize,hilariousness
648,demoralize,hilarity
649,demoralizing,homage
650,demoralizingly,honestly
651,denial,honesty
652,denigrate,honor
653,denounce,honorable
654,denunciate,hope
655,denunciation,hopeful
656,denunciations,hopefully
657,deny,hopefulness
658,deplorable,hopes
659,deplorably,hospitable
660,deplore,hug
661,deploring,humane
662,deploringly,humankind
663,deprave,humble
664,depraved,humility
665,depravedly,humor
666,deprecate,humorous
667,depressed,humorously
668,depressing,humour
669,depressingly,humourous
670,deprive,hurrah
671,deprived,ideal
672,deride,idealize
673,derision,ideally
674,derisive,idol
675,derisively,idolize
676,derisiveness,idolized
677,derogatory,idyllic
678,desecrate,illuminate
679,desert,illuminati
680,desertion,illuminating
681,desiccate,illumine
682,desiccated,illustrious
683,desolate,ilu
684,desolately,ily
685,desolation,imaginative
686,despair,immaculate
687,despairing,immaculately
688,despairingly,impassioned
689,desperate,impeccable
690,desperately,impeccably
691,desperation,impel
692,despicable,imperturbable
693,despicably,impervious
694,despise,impregnable
695,despised,impressive
696,despite,impressively
697,despoil,impressiveness
698,despoiler,improvise
699,despondence,incisive
700,despondency,incisively
701,despondent,incisiveness
702,despondently,inclination
703,despot,inclinations
704,despotic,inclined
705,despotism,incontestable
706,destabilisation,incontrovertible
707,destitute,incorruptible
708,destitution,incredible
709,destroyer,incredibly
710,destructive,indefatigable
711,desultory,indelible
712,detest,indelibly
713,detestable,indescribable
714,detestably,indescribably
715,detriment,indestructible
716,detrimental,indispensability
717,devastate,indispensable
718,devastated,indisputable
719,devastating,indomitable
720,devastatingly,indomitably
721,devastative,indubitable
722,devil,indubitably
723,devilish,indulgence
724,devilishly,indulgent
725,devilment,inestimable
726,devilry,inestimably
727,devious,infallibility
728,deviously,infallible
729,deviousness,infallibly
730,devoid,ingenious
731,diabolic,ingeniously
732,diabolical,ingenuity
733,diabolically,ingenuous
734,diametrically,ingenuously
735,diatribe,ingratiate
736,diatribes,ingratiating
737,dick,ingratiatingly
738,dickhead,innocuous
739,difficulty,inoffensive
740,diffidence,inquisitive
741,digress,insight
742,dilapidated,insightful
743,dillydally,insightfully
744,dire,insist
745,direful,insistent
746,direly,insistently
747,direness,inspiration
748,disaccord,inspirational
749,disadvantage,inspire
750,disadvantageous,inspiring
751,disaffect,integrity
752,disaffected,intelligent
753,disaffirm,intelligible
754,disagree,interesting
755,disagreeable,intimacy
756,disagreeably,intrigue
757,disagreement,intriguing
758,disallow,intriguingly
759,disappoint,intuitive
760,disappointed,invaluable
761,disappointing,invaluablely
762,disappointingly,invigorating
763,disappointment,invincibility
764,disapprobation,invincible
765,disapproval,inviolable
766,disapprove,inviolate
767,disapproving,invulnerable
768,disarray,irrefutable
769,disaster,irrefutably
770,disastrous,irreproachable
771,disastrously,irresistible
772,disavow,irresistibly
773,disavowal,jauntily
774,disbelief,jaunty
775,disbelieve,jest
776,disbeliever,joke
777,disclaim,jolly
778,discombobulate,jovial
779,discomfit,joy
780,discomfititure,joyful
781,disconcert,joyfully
782,disconcerted,joyless
783,disconcerting,joyous
784,disconcertingly,joyously
785,disconsolate,jubilant
786,disconsolately,jubilantly
787,disconsolation,jubilate
788,discontent,jubilation
789,discontented,judicious
790,discontentedly,justifiable
791,discontinuity,justifiably
792,discord,justification
793,discordance,justify
794,discordant,justly
795,discountenance,keen
796,discourage,keenly
797,discouragement,keenness
798,discouraging,kemp
799,discouragingly,kid
800,discourteous,kind
801,discourteously,kindliness
802,discredit,kindly
803,discriminatory,kindness
804,disdain,kingmaker
805,disdainful,knowledgeable
806,disdainfully,lark
807,disfavor,laud
808,disgrace,laudable
809,disgraced,laudably
810,disgraceful,lavish
811,disgracefully,lavishly
812,disgruntle,lawabiding
813,disgruntled,levity
814,disgust,liberate
815,disgusted,liberty
816,disgustedly,lifeblood
817,disgustful,lifesaver
818,disgustfully,lighthearted
819,disgusting,likable
820,disgustingly,like
821,dishearten,liking
822,disheartening,lionhearted
823,dishearteningly,lively
824,dishonest,lmao
825,dishonestly,lmfao
826,dishonesty,lofty
827,dishonor,lovable
828,dishonorable,lovably
829,dishonorablely,love
830,disillusion,loveliness
831,disillusioned,lovely
832,disinclination,lover
833,disinclined,lovingly
834,disingenuous,loyalty
835,disingenuously,lucid
836,disinterest,lucidly
837,disinterested,luck
838,dislike,luckier
839,disloyal,luckiest
840,disloyalty,luckily
841,dismal,luckiness
842,dismally,lucky
843,dismalness,lush
844,dismay,luster
845,dismayed,lustrous
846,dismaying,luxuriant
847,dismayingly,luxurious
848,dismissive,luxuriously
849,dismissively,luxury
850,disobedience,lya
851,disobedient,lyl
852,disobey,lyrical
853,disorganized,magic
854,disorient,magical
855,disoriented,magnanimous
856,disown,magnanimously
857,disparage,magnificence
858,disparaging,magnificent
859,disparagingly,magnificently
860,dispirit,majestic
861,dispirited,majesty
862,dispiritedly,manifest
863,dispiriting,manly
864,displease,mannerly
865,displeasing,marvel
866,displeasure,marvellous
867,disprove,marvelous
868,disputable,marvelously
869,dispute,marvelousness
870,disputed,marvels
871,disquiet,master
872,disquieting,masterful
873,disquietingly,masterfully
874,disquietude,masterpiece
875,disregard,masterpieces
876,disregardful,masters
877,disreputable,mastery
878,disrepute,matchless
879,disrespect,maximize
880,disrespectable,meaningful
881,disrespectablity,meek
882,disrespectful,mellow
883,disrespectfully,memorable
884,disrespectfulness,memorialize
885,disrespecting,merciful
886,disrupt,mercifully
887,disruption,mercy
888,disruptive,merit
889,dissatisfaction,meritorious
890,dissatisfactory,merrily
891,dissatisfied,merriment
892,dissatisfy,merriness
893,dissatisfying,merry
894,dissemble,mesmerize
895,dissembler,mesmerizing
896,dissension,mesmerizingly
897,dissent,might
898,dissenter,mightily
899,dissention,mighty
900,disservice,mindful
901,dissidence,miracle
902,dissident,miracles
903,dissidents,miraculous
904,dissocial,miraculously
905,dissolute,miraculousness
906,dissonance,mirth
907,dissonant,moderate
908,dissonantly,moderation
909,dissuade,mollify
910,dissuasive,momentous
911,distaste,monumental
912,distasteful,monumentally
913,distastefully,moral
914,distort,morality
915,distortion,moralize
916,distracting,motivate
917,distraction,motivated
918,distraught,motivation
919,distraughtly,moving
920,distraughtness,nice
921,distress,nicely
922,distressed,nifty
923,distressing,nimble
924,distressingly,noble
925,distrust,nobly
926,distrustful,notable
927,distrusting,notably
928,disturb,noteworthy
929,disturbed,novel
930,disturbedlet,nurture
931,disturbing,nurturing
932,disturbingly,oasis
933,disunity,obedience
934,disvalue,obedient
935,divisive,obediently
936,divisively,obey
937,divisiveness,obliged
938,dizzing,obviate
939,dizzingly,offbeat
940,dizzy,okay
941,doddering,opportune
942,dodgey,opportunity
943,dogged,optimal
944,doggedly,optimism
945,dogmatic,opulent
946,doldrums,outdo
947,domination,outshine
948,domineer,outsmart
949,domineering,outstanding
950,doom,outstandingly
951,doomed,outstrip
952,doomsday,outwit
953,doubt,ovation
954,doubtful,overachiever
955,doubtfully,overjoyed
956,doubts,overture
957,downbeat,pacifist
958,downcast,pacifists
959,downer,painstaking
960,downfall,painstakingly
961,downfallen,palatable
962,downhearted,palatial
963,downheartedly,palliate
964,downside,paradise
965,drab,paramount
966,draconian,pardon
967,draconic,passion
968,dragon,passionate
969,dragons,passionately
970,dragoon,patience
971,drain,patiently
972,drama,patriot
973,drastic,patriotic
974,drastically,peaceable
975,dread,peacefullest
976,dreadful,peerless
977,dreadfully,penetrating
978,dreadfulness,penitent
979,dreary,perceptive
980,drones,perfect
981,drunk,perfectest
982,drunkard,perfection
983,drunken,perfectly
984,dubious,perseverance
985,dubiously,persevere
986,dubitable,personality
987,dullard,perspicuous
988,dumb,perspicuously
989,dumbfound,persuade
990,dumbfounded,persuasive
991,dummy,persuasively
992,dunce,phenomenal
993,dungeon,phenomenally
994,dungeons,picturesque
995,dupe,pillar
996,earsplitting,pinnacle
997,edgy,pious
998,effigy,pithy
999,effrontery,placate
1000,ego,plainly
1001,egocentric,plausibility
1002,egomania,plausible
1003,egotism,playful
1004,egotistical,playfully
1005,egotistically,please
1006,egregious,pleased
1007,egregiously,pleasing
1008,ejaculate,pleasingly
1009,electionrigger,pleasurable
1010,emaciated,pleasurably
1011,emasculate,pleasure
1012,embarrass,pledge
1013,embarrassing,pledges
1014,embarrassingly,plenty
1015,embarrassment,plush
1016,embroil,poetic
1017,embroiled,poeticize
1018,embroilment,poignant
1019,emotional,poise
1020,empathize,poised
1021,empathy,posh
1022,emphatic,positively
1023,emphatically,positiveness
1024,emptiness,potent
1025,endanger,pragmatic
1026,enervate,praise
1027,enfeeble,praiseworthy
1028,enflame,praising
1029,enjoin,preach
1030,enmity,preaching
1031,enormities,precaution
1032,enormity,precautions
1033,enormous,precious
1034,enormously,prefer
1035,enrage,preferable
1036,enraged,preferably
1037,enslave,preference
1038,entrap,preferences
1039,entrapment,preponderance
1040,envious,prestige
1041,enviously,prettily
1042,enviousness,pretty
1043,envy,priceless
1044,equivocal,pride
1045,err,privilege
1046,erratic,privileged
1047,erratically,prize
1048,erroneous,proactive
1049,erroneously,proAmerican
1050,eschew,proBeijing
1051,estranged,proCuba
1052,evil,prodigious
1053,evildoer,prodigiously
1054,evildoing,prodigy
1055,evillest,profess
1056,evilly,proficient
1057,evilness,proficiently
1058,evils,profound
1059,eviscerate,profoundly
1060,exacerbate,profuse
1061,exaggerate,profusely
1062,exaggeration,profusion
1063,exasperate,promise
1064,exasperating,promising
1065,exasperatingly,promoter
1066,exasperation,propeace
1067,excessive,propitious
1068,excessively,propitiously
1069,exclaim,prosper
1070,excoriate,protector
1071,excruciating,proud
1072,excruciatingly,providence
1073,excruciation,prowess
1074,execrate,prudent
1075,exhort,prudently
1076,exorbitant,punctual
1077,exorbitantance,pundits
1078,exorbitantly,purposeful
1079,expire,quaint
1080,exploit,quasially
1081,exploitation,quicken
1082,expunge,radiance
1083,exterminate,radiant
1084,extermination,rally
1085,extortion,rapport
1086,extravagance,rapt
1087,extravagant,rapture
1088,extravagantly,raptureous
1089,extreme,raptureously
1090,extremely,rapturous
1091,fabrication,rapturously
1092,facetious,rational
1093,facetiously,rave
1094,faggot,realist
1095,faggots,realistic
1096,failing,realistically
1097,fainthearted,reassurance
1098,faithless,reassure
1099,fake,receptive
1100,fallacies,recommend
1101,fallacious,recommendation
1102,fallaciously,recommendations
1103,fallaciousness,recommended
1104,fallacy,reconquest
1105,fallout,rectification
1106,FALSE,rectify
1107,falsehood,rectifying
1108,falsely,redeem
1109,falsify,redeeming
1110,falter,redemption
1111,famine,refreshing
1112,famished,refuge
1113,fanatic,regal
1114,fanatical,regally
1115,fanatically,regard
1116,fanaticism,rejoice
1117,fanatics,rejoiced
1118,fanciful,rejoices
1119,farce,rejoicing
1120,farcical,rejoicingly
1121,farcically,relent
1122,farcicalyetprovocative,relief
1123,farfetched,relish
1124,fascism,remarkable
1125,fascist,remarkably
1126,fastidious,reminiscent
1127,fastidiously,remunerate
1128,fastuous,renaissance
1129,fatalistic,renown
1130,fatalistically,renowned
1131,fatality,repay
1132,fatally,repent
1133,fateful,repentance
1134,fatefully,resounding
1135,fathomless,resourceful
1136,fatuity,resourcefulness
1137,fatuous,respectable
1138,fatuously,respectful
1139,fault,respectfully
1140,fawn,respite
1141,fawningly,resplendent
1142,fear,revel
1143,fearful,revere
1144,fearfully,reverence
1145,fears,reverent
1146,fearsome,reverently
1147,feckless,reward
1148,feebleminded,rewarding
1149,fell,rewardingly
1150,ferocious,richly
1151,ferociously,richness
1152,ferocity,right
1153,fetid,righten
1154,fiasco,righteous
1155,fib,righteously
1156,fibber,righteousness
1157,fickle,rightful
1158,fictitious,rightfully
1159,fidget,rightly
1160,fidgety,rightness
1161,fiend,rofl
1162,fiendish,roflcopter
1163,filth,roflmao
1164,filthy,romantic
1165,flabbergast,romantically
1166,flabbergasted,romanticize
1167,flagrant,rosy
1168,flagrantly,rotfl
1169,flak,rotflmfao
1170,flatout,rotflol
1171,flaunt,rousing
1172,fleer,sacred
1173,flighty,safeguard
1174,flimflam,sagacity
1175,flirt,sage
1176,flirty,sagely
1177,floored,saint
1178,flounder,saintliness
1179,floundering,saintly
1180,flout,salutary
1181,foe,salute
1182,fool,salvation
1183,foolhardy,sanctify
1184,foolish,sanction
1185,foolishly,sanctity
1186,foolishness,sanctuary
1187,forbid,sane
1188,forbidden,sanguine
1189,foreboding,sanity
1190,forebodingly,satisfaction
1191,forget,satisfactorily
1192,forgetful,satisfactory
1193,forgetfully,savvy
1194,forgetfulness,scruples
1195,forlorn,scrupulous
1196,forlornly,scrupulously
1197,formidable,seamless
1198,forsake,seductive
1199,forsaken,selfdetermination
1200,forswear,selfrespect
1201,foully,selfsatisfaction
1202,foulness,sensation
1203,fractious,sensational
1204,fractiously,sensationally
1205,frantic,sensations
1206,frantically,sensible
1207,franticly,sensibly
1208,fraternize,sensitively
1209,fraud,sensitivity
1210,frauds,sentiment
1211,fraudster,sentimentality
1212,fraudsters,sentimentally
1213,fraudulence,sentiments
1214,fraudulent,serene
1215,fraught,serenity
1216,frazzle,sexy
1217,frazzled,shimmer
1218,freak,shimmering
1219,freakish,shimmeringly
1220,freakishly,shiny
1221,frenetic,shrewd
1222,frenetically,shrewdly
1223,frenzied,shrewdness
1224,frenzy,simplicity
1225,fret,sincere
1226,fretful,sincerely
1227,friction,skillful
1228,frictions,skillfully
1229,friggin,smart
1230,fright,smarter
1231,frighten,smartest
1232,frightening,smartly
1233,frighteningly,smile
1234,frightful,smiling
1235,frightfully,smilingly
1236,frivolous,smitten
1237,frown,sociable
1238,fruitless,soften
1239,fruitlessly,solace
1240,frustrate,solicitous
1241,frustrated,solicitously
1242,frustrating,solicitude
1243,frustratingly,solidarity
1244,frustration,soothe
1245,fu,soothingly
1246,fuck,sophisticated
1247,fucked,sparkle
1248,fucker,spectacular
1249,fuckers,spectacularly
1250,fuckface,spellbind
1251,fuckhead,spellbinding
1252,fucking,spellbindingly
1253,fucktard,spellbound
1254,fudge,spiritual
1255,fuked,splendid
1256,fuking,splendidly
1257,fulminate,splendor
1258,fume,spotless
1259,fun,sprightly
1260,furious,spur
1261,furiously,squarely
1262,furor,star
1263,fury,stars
1264,fuss,stately
1265,fussy,statuesque
1266,fustigate,staunch
1267,fusty,staunchly
1268,futile,staunchness
1269,futilely,steadfast
1270,futility,steadfastly
1271,gabble,steadfastness
1272,gaff,stellar
1273,gaffe,stellarly
1274,gaga,stimulating
1275,gaggle,stirring
1276,gainsay,stirringly
1277,gainsayer,straightforward
1278,gall,stride
1279,galling,striking
1280,gallingly,strikingly
1281,gape,striving
1282,garish,studious
1283,gasp,studiously
1284,gauche,stunned
1285,gaudy,stunning
1286,gawk,stunningly
1287,gawky,stupendous
1288,geezer,stupendously
1289,genocide,stylish
1290,getrich,stylishly
1291,ghastly,suave
1292,gibber,sublime
1293,gibberish,sumptuous
1294,gibe,sumptuously
1295,glare,sumptuousness
1296,glaring,super
1297,glaringly,superb
1298,glib,superbly
1299,glibly,superlative
1300,gloat,supporter
1301,gloatingly,supportive
1302,gloom,supreme
1303,gloomy,supremely
1304,gloss,supurb
1305,glower,supurbly
1306,glum,sure
1307,goad,surely
1308,goading,surge
1309,godawful,surging
1310,goddam,surmise
1311,goddamn,surmount
1312,goof,surpass
1313,gossip,sweeping
1314,graceless,sweetheart
1315,gracelessly,sworn
1316,grandiose,tact
1317,grate,talent
1318,grating,talented
1319,gratuitous,tantalizing
1320,gratuitously,tantalizingly
1321,grave,tempt
1322,gravely,tempting
1323,greed,temptingly
1324,greedy,tenacious
1325,grief,tenaciously
1326,grievance,tenacity
1327,grievances,terrific
1328,grieve,terrifically
1329,grieving,terrified
1330,grievous,terrify
1331,grievously,terrifying
1332,grim,terrifyingly
1333,grimace,thank
1334,grind,thankful
1335,gripe,thankfully
1336,grisly,thinkable
1337,grossly,thoughtful
1338,grotesque,thoughtfully
1339,grouch,thoughtfulness
1340,grouchy,thrill
1341,groundless,thrilled
1342,grouse,thrilling
1343,growl,thrillingly
1344,grudge,thrills
1345,grudges,tidy
1346,grudging,timehonored
1347,grudgingly,tingle
1348,gruesome,titillating
1349,gruesomely,titillatingly
1350,gruff,toast
1351,grumble,togetherness
1352,guile,tolerable
1353,guilt,tolerably
1354,guiltily,tolerance
1355,gullible,tolerantly
1356,haggard,torrid
1357,haggle,torridly
1358,halfhearted,tranquil
1359,halfheartedly,tranquility
1360,hallucinate,treasure
1361,hallucination,tremendous
1362,hamper,tremendously
1363,hamstring,trendy
1364,hamstrung,trepidation
1365,hapless,tribute
1366,harangue,triumph
1367,harassment,triumphal
1368,hardball,triumphant
1369,hardheaded,triumphantly
1370,hardhearted,truculent
1371,hardline,truculently
1372,hardly,TRUE
1373,hardship,truly
1374,hardships,trump
1375,harm,trumpet
1376,harmful,trusting
1377,harms,trustingly
1378,harpy,trustworthiness
1379,harridan,trustworthy
1380,harried,truth
1381,harrow,truthful
1382,harsh,truthfully
1383,harshly,truthfulness
1384,hassle,twinkly
1385,haste,ultimate
1386,hate,ultimately
1387,hated,ultra
1388,hateful,unabashed
1389,hatefully,unabashedly
1390,hatefulness,unanimous
1391,hater,unassailable
1392,hatred,unbosom
1393,haughtily,uncommon
1394,haughty,uncommonly
1395,haunting,unconcerned
1396,havoc,undaunted
1397,hawkish,understand
1398,heartbreak,understandable
1399,heartbreaker,understate
1400,heartbreaking,understated
1401,heartbreakingly,understatedly
1402,heartbroken,understood
1403,heartless,undisputable
1404,heartrending,undisputably
1405,heathen,undoubted
1406,heavily,undoubtedly
1407,heavyhanded,unequivocal
1408,heavyhearted,unequivocally
1409,heck,unfazed
1410,heckle,unfettered
1411,hedge,unforgettable
1412,hedonistic,unparalleled
1413,heedless,unpretentious
1414,hegemonistic,unquestionable
1415,heinous,unquestionably
1416,hell,unselfish
1417,hellbent,upbeat
1418,hellion,upheld
1419,hellish,uphold
1420,heresy,uplifting
1421,heretic,upliftingly
1422,heretical,upliftment
1423,hesitant,upside
1424,hideous,urge
1425,hideously,utmost
1426,hideousness,uttermost
1427,hinder,valiant
1428,hindrance,valiantly
1429,hoard,valor
1430,hoax,valuable
1431,hollow,vanquish
1432,hoodwink,vbs
1433,hopeless,venerable
1434,hopelessly,venerably
1435,hopelessness,veritable
1436,horrendous,vibrant
1437,horrendously,vibrantly
1438,horrible,vindicate
1439,horribly,virtue
1440,horrid,virtuous
1441,horrific,virtuously
1442,horrifically,visionary
1443,horrify,vital
1444,horrifying,vitality
1445,horrifyingly,vivacious
1446,horror,vivid
1447,horrors,vouch
1448,hostility,vouchsafe
1449,hotbeds,vow
1450,hothead,vulnerable
1451,hotheaded,want
1452,hubris,warmhearted
1453,huckster,warmly
1454,humbling,wellbeing
1455,humiliate,wellconnected
1456,humiliating,wellinformed
1457,humiliation,wellintentioned
1458,hunger,wellmanaged
1459,hypocrisy,wellreceived
1460,hypocrite,wellregarded
1461,hypocrites,wellrun
1462,hypocritical,wellwishers
1463,hypocritically,whimsical
1464,hysteria,wholeheartedly
1465,hysteric,wholesome
1466,hysterical,will
1467,hysterically,willful
1468,hysterics,willfully
1469,idiocies,willing
1470,idiocy,willingness
1471,idiot,win
1472,idiotic,wink
1473,idiotically,winnable
1474,idiots,winner
1475,ignoble,winners
1476,ignominious,winning
1477,ignominiously,wins
1478,ignominy,wisdom
1479,ignorance,wise
1480,ignorant,wisely
1481,illadvised,wish
1482,illconceived,wishes
1483,illfated,wishing
1484,illfavored,witty
1485,illmannered,wonder
1486,illnatured,wonderful
1487,illogic,wonderfully
1488,illogical,wonderous
1489,illogically,wonderously
1490,illsorted,wondrous
1491,illtempered,woo
1492,illtreated,wooo
1493,illtreatment,woow
1494,illusage,workable
1495,illused,worldfamous
1496,illusion,worth
1497,illusions,worthiness
1498,illusory,worthwhile
1499,imaginary,worthy
1500,imbalance,wow
1501,imbecile,wowow
1502,imbroglio,wowww
1503,immaterial,wry
1504,imminence,yearn
1505,imminent,yearning
1506,imminently,yearningly
1507,immoderate,yep
1508,immoderately,yes
1509,immodest,zeal
1510,immoral,zenith
1511,immorality,zest
1512,immorally,
1513,immovable,
1514,impair,
1515,impaired,
1516,impasse,
1517,impatience,
1518,impatient,
1519,impatiently,
1520,impeach,
1521,impedance,
1522,impede,
1523,impediment,
1524,impending,
1525,impenitent,
1526,imperialist,
1527,imperil,
1528,imperious,
1529,imperiously,
1530,impertinent,
1531,impetuous,
1532,impetuously,
1533,impiety,
1534,impinge,
1535,impious,
1536,implacable,
1537,implausible,
1538,implausibly,
1539,implode,
1540,implore,
1541,imploring,
1542,imploringly,
1543,impolite,
1544,impolitely,
1545,impolitic,
1546,importunate,
1547,importune,
1548,impose,
1549,imposers,
1550,imposition,
1551,impotent,
1552,impractical,
1553,imprecate,
1554,improbability,
1555,improbable,
1556,improbably,
1557,improper,
1558,improperly,
1559,impropriety,
1560,imprudence,
1561,imprudent,
1562,impudence,
1563,impudent,
1564,impudently,
1565,impugn,
1566,impulsive,
1567,impulsively,
1568,impure,
1569,impurity,
1570,inaccurate,
1571,inaccurately,
1572,inane,
1573,inanely,
1574,inappropriate,
1575,inappropriately,
1576,inapt,
1577,inaptitude,
1578,inarticulate,
1579,inattentive,
1580,incapable,
1581,incapably,
1582,incautious,
1583,incendiary,
1584,incessant,
1585,incessantly,
1586,incivility,
1587,incognizant,
1588,incoherence,
1589,incoherent,
1590,incoherently,
1591,incommensurate,
1592,incompetence,
1593,incompetent,
1594,incompetently,
1595,incomprehensible,
1596,incomprehension,
1597,inconceivable,
1598,inconceivably,
1599,incongruous,
1600,incongruously,
1601,inconsequent,
1602,inconsequential,
1603,inconsequentially,
1604,inconsequently,
1605,inconsiderate,
1606,inconsiderately,
1607,inconsistence,
1608,inconsistencies,
1609,inconsolable,
1610,inconsolably,
1611,inconstant,
1612,inconvenience,
1613,inconvenient,
1614,inconveniently,
1615,incorrectly,
1616,incorrigible,
1617,incorrigibly,
1618,incredulous,
1619,incredulously,
1620,inculcate,
1621,indecency,
1622,indecent,
1623,indecently,
1624,indecision,
1625,indecisive,
1626,indecisively,
1627,indecorum,
1628,indefensible,
1629,indelicate,
1630,indifference,
1631,indifferent,
1632,indignant,
1633,indignantly,
1634,indignation,
1635,indignity,
1636,indiscreet,
1637,indiscreetly,
1638,indiscretion,
1639,indiscriminate,
1640,indiscriminately,
1641,indiscriminating,
1642,indisposed,
1643,indoctrinate,
1644,indoctrination,
1645,indolent,
1646,indulge,
1647,inefficacious,
1648,inefficacy,
1649,inelegance,
1650,inelegant,
1651,ineloquent,
1652,ineloquently,
1653,inept,
1654,ineptitude,
1655,ineptly,
1656,inequality,
1657,inequitable,
1658,inequitably,
1659,inequities,
1660,inescapable,
1661,inescapably,
1662,inessential,
1663,inevitable,
1664,inevitably,
1665,inexcusable,
1666,inexcusably,
1667,inexorable,
1668,inexorably,
1669,inexpiable,
1670,inexplainable,
1671,inexplicable,
1672,inextricable,
1673,inextricably,
1674,infamous,
1675,infamously,
1676,infamy,
1677,infatuated,
1678,inferior,
1679,inferiority,
1680,infernal,
1681,infidel,
1682,infidels,
1683,infirm,
1684,inflame,
1685,inflammatory,
1686,inflexible,
1687,inflict,
1688,infringe,
1689,infringement,
1690,infringements,
1691,infuriate,
1692,infuriated,
1693,infuriating,
1694,infuriatingly,
1695,inglorious,
1696,ingrate,
1697,ingratitude,
1698,inhospitable,
1699,inhospitality,
1700,inhuman,
1701,inhumane,
1702,inhumanity,
1703,inimical,
1704,inimically,
1705,iniquitous,
1706,iniquity,
1707,injudicious,
1708,injustice,
1709,injustices,
1710,innuendo,
1711,inopportune,
1712,inordinate,
1713,inordinately,
1714,insane,
1715,insanely,
1716,insanity,
1717,insatiable,
1718,insecurity,
1719,insensitive,
1720,insensitively,
1721,insensitivity,
1722,insidious,
1723,insidiously,
1724,insincere,
1725,insincerely,
1726,insincerity,
1727,insinuate,
1728,insinuating,
1729,insinuation,
1730,insociable,
1731,insolence,
1732,insolent,
1733,insolently,
1734,insouciance,
1735,instigate,
1736,instigator,
1737,instigators,
1738,insubstantial,
1739,insubstantially,
1740,insufferable,
1741,insufferably,
1742,insult,
1743,insulted,
1744,insulting,
1745,insultingly,
1746,insupportable,
1747,insupportably,
1748,intimidating,
1749,intimidatingly,
1750,intolerable,
1751,intolerablely,
1752,intolerance,
1753,intolerant,
1754,intransigence,
1755,intransigent,
1756,intrude,
1757,intrusive,
1758,inundate,
1759,inundated,
1760,invalid,
1761,invalidate,
1762,invalidity,
1763,invective,
1764,inveigle,
1765,invidious,
1766,invidiously,
1767,invidiousness,
1768,irate,
1769,irately,
1770,ire,
1771,irk,
1772,irksome,
1773,ironic,
1774,ironies,
1775,irony,
1776,irrational,
1777,irrationality,
1778,irrationally,
1779,irreconcilable,
1780,irredeemable,
1781,irredeemably,
1782,irreformable,
1783,irrelevance,
1784,irrelevant,
1785,irreparable,
1786,irreplacible,
1787,irrepressible,
1788,irresolute,
1789,irresponsible,
1790,irresponsibly,
1791,irreverence,
1792,irreverent,
1793,irreverently,
1794,irreversible,
1795,irritable,
1796,irritably,
1797,irritate,
1798,irritated,
1799,irritating,
1800,irritation,
1801,itch,
1802,jabber,
1803,jackass,
1804,jackasses,
1805,jaded,
1806,jaundiced,
1807,jealous,
1808,jealously,
1809,jealousness,
1810,jealousy,
1811,jeer,
1812,jeering,
1813,jeeringly,
1814,jeers,
1815,jeopardize,
1816,jeopardy,
1817,jerk,
1818,jittery,
1819,joker,
1820,kaput,
1821,keen,
1822,kia,
1823,kick,
1824,kill,
1825,killed,
1826,killer,
1827,killers,
1828,killing,
1829,killings,
1830,killjoy,
1831,knave,
1832,kook,
1833,kooky,
1834,lack,
1835,lackadaisical,
1836,lackey,
1837,lackeys,
1838,lacking,
1839,lackluster,
1840,laconic,
1841,lambast,
1842,lambaste,
1843,lameduck,
1844,lament,
1845,lamentable,
1846,lamentably,
1847,languid,
1848,languish,
1849,languor,
1850,languorous,
1851,languorously,
1852,lascivious,
1853,lastditch,
1854,laugh,
1855,laughable,
1856,laughably,
1857,laughingstock,
1858,laughter,
1859,lawbreaker,
1860,lawbreaking,
1861,lawless,
1862,lawlessness,
1863,lax,
1864,lazy,
1865,lech,
1866,lecher,
1867,lecherous,
1868,lechery,
1869,leech,
1870,leer,
1871,leery,
1872,leftleaning,
1873,letch,
1874,lewd,
1875,lewdly,
1876,lewdness,
1877,liability,
1878,liar,
1879,liars,
1880,licentious,
1881,licentiously,
1882,licentiousness,
1883,lier,
1884,lies,
1885,limp,
1886,listless,
1887,litigious,
1888,little,
1889,littleknown,
1890,livid,
1891,lividly,
1892,loath,
1893,loathe,
1894,loathing,
1895,loathly,
1896,loathsome,
1897,loathsomely,
1898,lone,
1899,loneliness,
1900,lonely,
1901,lonesome,
1902,long,
1903,longing,
1904,longingly,
1905,loophole,
1906,loopholes,
1907,loot,
1908,lorn,
1909,losing,
1910,lousy,
1911,loveless,
1912,lovelorn,
1913,lowly,
1914,lowrated,
1915,ludicrous,
1916,ludicrously,
1917,lugubrious,
1918,lukewarm,
1919,lunatic,
1920,lunaticism,
1921,lurch,
1922,lure,
1923,lurid,
1924,lurk,
1925,lurking,
1926,lust,
1927,lying,
1928,macabre,
1929,mad,
1930,madden,
1931,maddening,
1932,maddeningly,
1933,madder,
1934,madly,
1935,madman,
1936,madness,
1937,maladjusted,
1938,maladjustment,
1939,malcontent,
1940,malcontented,
1941,maledict,
1942,malevolence,
1943,malevolent,
1944,malevolently,
1945,malice,
1946,malicious,
1947,maliciously,
1948,maliciousness,
1949,malign,
1950,malodorous,
1951,maltreatment,
1952,mangle,
1953,mania,
1954,maniac,
1955,maniacal,
1956,manic,
1957,manipulative,
1958,manipulators,
1959,mar,
1960,martyrdom,
1961,martyrdomseeking,
1962,massacre,
1963,massacres,
1964,maverick,
1965,mawkish,
1966,mawkishly,
1967,mawkishness,
1968,maxidevaluation,
1969,meager,
1970,mean,
1971,meaningless,
1972,meanness,
1973,meddle,
1974,meddlesome,
1975,mediocre,
1976,mediocrity,
1977,melancholy,
1978,melodramatic,
1979,melodramatically,
1980,menace,
1981,menacing,
1982,menacingly,
1983,mendacious,
1984,mendacity,
1985,merciless,
1986,mercilessly,
1987,mere,
1988,merely,
1989,mess,
1990,midget,
1991,militancy,
1992,mindless,
1993,mindlessly,
1994,mirage,
1995,mire,
1996,misbecome,
1997,misbecoming,
1998,misbegotten,
1999,misbehave,
2000,misbehavior,
2001,mischief,
2002,mischievous,
2003,mischievously,
2004,misconception,
2005,misconceptions,
2006,miscreant,
2007,miscreants,
2008,misdirection,
2009,miser,
2010,miserable,
2011,miserableness,
2012,miserably,
2013,miseries,
2014,miserly,
2015,misery,
2016,misfit,
2017,misfortune,
2018,misgiving,
2019,misgivings,
2020,misguidance,
2021,misguide,
2022,misguided,
2023,mishandle,
2024,mishap,
2025,misinform,
2026,misinformed,
2027,misinterpret,
2028,misjudge,
2029,misjudgment,
2030,mislead,
2031,misleading,
2032,misleadingly,
2033,mislike,
2034,mismanage,
2035,misread,
2036,misreading,
2037,misrepresent,
2038,misrepresentation,
2039,misstatement,
2040,mistake,
2041,mistaken,
2042,mistakenly,
2043,mistakes,
2044,mistrust,
2045,mistrustful,
2046,mistrustfully,
2047,misunderstand,
2048,misunderstanding,
2049,misunderstandings,
2050,misunderstood,
2051,misuse,
2052,moan,
2053,mock,
2054,mockeries,
2055,mockery,
2056,mocking,
2057,mockingly,
2058,molest,
2059,molestation,
2060,molests,
2061,monotonous,
2062,monotony,
2063,monster,
2064,monstrosities,
2065,monstrosity,
2066,monstrous,
2067,monstrously,
2068,moody,
2069,morbid,
2070,morbidly,
2071,mordant,
2072,mordantly,
2073,moribund,
2074,mortification,
2075,mortified,
2076,mortify,
2077,mortifying,
2078,motherfucker,
2079,motherfucking,
2080,motley,
2081,mourn,
2082,mourner,
2083,mournful,
2084,mournfully,
2085,mudslinger,
2086,mudslinging,
2087,mulish,
2088,multipolarization,
2089,mundane,
2090,murder,
2091,murdered,
2092,murderee,
2093,murderees,
2094,murderer,
2095,murderers,
2096,murdering,
2097,murderous,
2098,murderously,
2099,muscleflexing,
2100,mysterious,
2101,mysteriously,
2102,mystery,
2103,myth,
2104,nag,
2105,nagging,
2106,naive,
2107,naively,
2108,narrower,
2109,nastily,
2110,nastiness,
2111,nasty,
2112,nationalism,
2113,naughty,
2114,nauseating,
2115,nauseatingly,
2116,nebulous,
2117,nebulously,
2118,nefarious,
2119,nefariously,
2120,neglect,
2121,neglected,
2122,negligence,
2123,negligent,
2124,nemesis,
2125,nervous,
2126,nervously,
2127,nervousness,
2128,nettlesome,
2129,neurotic,
2130,neurotically,
2131,niggas,
2132,nigger,
2133,nightmare,
2134,nightmarish,
2135,nightmarishly,
2136,nix,
2137,nonconfidence,
2138,nonsense,
2139,nosey,
2140,notorious,
2141,notoriously,
2142,nuisance,
2143,obese,
2144,object,
2145,objection,
2146,objectionable,
2147,objections,
2148,obliterate,
2149,obliterated,
2150,oblivious,
2151,obnoxious,
2152,obnoxiously,
2153,obscene,
2154,obscenely,
2155,obscenity,
2156,obscure,
2157,obscurity,
2158,obsess,
2159,obsession,
2160,obsessions,
2161,obsessive,
2162,obsessively,
2163,obsessiveness,
2164,obstacle,
2165,obstinate,
2166,obstinately,
2167,obtrusive,
2168,obtuse,
2169,obviously,
2170,odder,
2171,oddest,
2172,oddities,
2173,oddity,
2174,oddly,
2175,offend,
2176,offending,
2177,offenses,
2178,offensively,
2179,offensiveness,
2180,officious,
2181,ominous,
2182,ominously,
2183,onerous,
2184,onerously,
2185,oneside,
2186,onesided,
2187,opinionated,
2188,opponent,
2189,oppose,
2190,opposition,
2191,oppositions,
2192,oppress,
2193,oppression,
2194,oppressive,
2195,oppressively,
2196,oppressiveness,
2197,oppressors,
2198,ordeal,
2199,ostracize,
2200,outburst,
2201,outbursts,
2202,outcast,
2203,outcry,
2204,outlaw,
2205,outrage,
2206,outraged,
2207,outrageous,
2208,outrageously,
2209,outrageousness,
2210,outrages,
2211,overact,
2212,overacted,
2213,overbearing,
2214,overbearingly,
2215,overblown,
2216,overcome,
2217,overdo,
2218,overdone,
2219,overdue,
2220,overemphasize,
2221,overkill,
2222,overlook,
2223,overplay,
2224,overstate,
2225,overstatement,
2226,overstatements,
2227,overwhelming,
2228,overwhelmingly,
2229,overworked,
2230,overzealous,
2231,overzealously,
2232,pains,
2233,paltry,
2234,pandemonium,
2235,panic,
2236,panicky,
2237,paradoxical,
2238,paradoxically,
2239,paranoia,
2240,paranoid,
2241,pariah,
2242,parody,
2243,partiality,
2244,partisan,
2245,partisans,
2246,passe,
2247,passive,
2248,passiveness,
2249,pathetic,
2250,pathetically,
2251,patronize,
2252,paucity,
2253,pauper,
2254,paupers,
2255,payback,
2256,peculiar,
2257,peculiarly,
2258,pedantic,
2259,peeve,
2260,peeved,
2261,peevish,
2262,peevishly,
2263,penalize,
2264,perfidious,
2265,perfidity,
2266,perfunctory,
2267,peril,
2268,perish,
2269,pernicious,
2270,perplex,
2271,perplexed,
2272,perplexing,
2273,perplexity,
2274,persecute,
2275,persecution,
2276,pertinacious,
2277,pertinaciously,
2278,pertinacity,
2279,perturb,
2280,perturbed,
2281,pervasive,
2282,perverse,
2283,perversely,
2284,perversion,
2285,perversity,
2286,pervert,
2287,perverted,
2288,pessimism,
2289,pessimistic,
2290,pessimistically,
2291,pest,
2292,pestilent,
2293,petrified,
2294,petrify,
2295,pettifog,
2296,petty,
2297,phobia,
2298,phobic,
2299,phony,
2300,picky,
2301,pillage,
2302,pillory,
2303,pine,
2304,piss,
2305,pissed,
2306,pitiable,
2307,pitiful,
2308,pitifully,
2309,pitiless,
2310,pitilessly,
2311,pittance,
2312,pity,
2313,plagiarize,
2314,plaything,
2315,plead,
2316,pleading,
2317,pleadingly,
2318,pleas,
2319,plebeian,
2320,plight,
2321,plot,
2322,plotters,
2323,ploy,
2324,plunder,
2325,plunderer,
2326,poison,
2327,poisoners,
2328,polarisation,
2329,polemize,
2330,polluter,
2331,polluters,
2332,pompous,
2333,poorly,
2334,posturing,
2335,pout,
2336,poverty,
2337,prate,
2338,pratfall,
2339,prattle,
2340,precipitate,
2341,precipitous,
2342,predicament,
2343,prejudge,
2344,prejudice,
2345,prejudicial,
2346,premeditated,
2347,preposterous,
2348,preposterously,
2349,pressing,
2350,presume,
2351,presumptuous,
2352,presumptuously,
2353,pretence,
2354,pretend,
2355,pretense,
2356,pretentious,
2357,pretentiously,
2358,prevaricate,
2359,prick,
2360,prickle,
2361,prickles,
2362,prideful,
2363,problematic,
2364,procrastinate,
2365,procrastination,
2366,profane,
2367,profanity,
2368,propaganda,
2369,propagandize,
2370,proscription,
2371,proscriptions,
2372,prosecute,
2373,protest,
2374,provocation,
2375,provocative,
2376,provoke,
2377,pugnacious,
2378,pugnaciously,
2379,pugnacity,
2380,punch,
2381,punish,
2382,puny,
2383,puppet,
2384,puppets,
2385,puzzle,
2386,puzzled,
2387,puzzlement,
2388,puzzling,
2389,quack,
2390,qualms,
2391,quandary,
2392,quarrel,
2393,quarrellous,
2394,quarrellously,
2395,quarrels,
2396,quarrelsome,
2397,quash,
2398,questionable,
2399,quibble,
2400,quitter,
2401,racism,
2402,racist,
2403,racists,
2404,rack,
2405,radical,
2406,radicalization,
2407,radically,
2408,radicals,
2409,rage,
2410,ragged,
2411,raging,
2412,rail,
2413,rampage,
2414,rampant,
2415,ramshackle,
2416,rancor,
2417,rank,
2418,rankle,
2419,rant,
2420,ranting,
2421,rantingly,
2422,rape,
2423,raped,
2424,raper,
2425,rapers,
2426,rapes,
2427,raping,
2428,rapist,
2429,rapists,
2430,rascal,
2431,rash,
2432,rationalize,
2433,rattle,
2434,ravage,
2435,raving,
2436,reactionary,
2437,rebellious,
2438,rebuff,
2439,rebuke,
2440,recalcitrant,
2441,recant,
2442,reckless,
2443,recklessly,
2444,recklessness,
2445,recoil,
2446,refuse,
2447,refutation,
2448,refute,
2449,regret,
2450,regretful,
2451,regretfully,
2452,regrettable,
2453,regrettably,
2454,reject,
2455,rejection,
2456,relentless,
2457,relentlessly,
2458,relentlessness,
2459,reluctance,
2460,remorse,
2461,remorseful,
2462,remorsefully,
2463,remorseless,
2464,remorselessly,
2465,remorselessness,
2466,renounce,
2467,renunciation,
2468,reprehensible,
2469,reprehensibly,
2470,reprehension,
2471,reprehensive,
2472,reprimand,
2473,reproach,
2474,reproachful,
2475,reprove,
2476,reprovingly,
2477,repudiate,
2478,repudiation,
2479,repugn,
2480,repugnance,
2481,repugnant,
2482,repugnantly,
2483,repulsing,
2484,repulsive,
2485,repulsively,
2486,repulsiveness,
2487,resent,
2488,resentful,
2489,resentment,
2490,reticent,
2491,revenge,
2492,revengeful,
2493,revengefully,
2494,revile,
2495,reviled,
2496,revolting,
2497,revoltingly,
2498,revulsion,
2499,revulsive,
2500,rhetorical,
2501,rid,
2502,ridicule,
2503,ridiculous,
2504,ridiculously,
2505,rife,
2506,rift,
2507,rifts,
2508,rile,
2509,riled,
2510,roadblocks,
2511,rogue,
2512,rollercoaster,
2513,rotten,
2514,rubbish,
2515,rude,
2516,rue,
2517,ruffian,
2518,rumbling,
2519,rumor,
2520,rumors,
2521,rumours,
2522,rumple,
2523,runaway,
2524,rundown,
2525,rusty,
2526,ruthless,
2527,ruthlessly,
2528,ruthlessness,
2529,sabotage,
2530,sacrifice,
2531,sad,
2532,sadden,
2533,sadly,
2534,sadness,
2535,salacious,
2536,sanctimonious,
2537,sap,
2538,sarcasm,
2539,sarcastic,
2540,sarcastically,
2541,sardonic,
2542,sardonically,
2543,sass,
2544,satirical,
2545,satirize,
2546,savage,
2547,savaged,
2548,savagely,
2549,savagery,
2550,savages,
2551,scandalize,
2552,scandalized,
2553,scandalous,
2554,scandalously,
2555,scandals,
2556,scapegoat,
2557,scar,
2558,scarcely,
2559,scare,
2560,scared,
2561,scarier,
2562,scariest,
2563,scarily,
2564,scarred,
2565,scars,
2566,scary,
2567,scathing,
2568,scathingly,
2569,scheming,
2570,scoff,
2571,scoffingly,
2572,scold,
2573,scolding,
2574,scoldingly,
2575,scorching,
2576,scorchingly,
2577,scorn,
2578,scornful,
2579,scornfully,
2580,scoundrel,
2581,scourge,
2582,scowl,
2583,scream,
2584,screech,
2585,scum,
2586,scumbag,
2587,scummy,
2588,secondclass,
2589,seedy,
2590,seethe,
2591,seething,
2592,selfcoup,
2593,selfcriticism,
2594,selfdestructive,
2595,selfhumiliation,
2596,selfinterest,
2597,selfinterested,
2598,selfish,
2599,selfishly,
2600,selfishness,
2601,selfserving,
2602,senile,
2603,sensationalize,
2604,senseless,
2605,senselessly,
2606,serious,
2607,seriously,
2608,seriousness,
2609,sermonize,
2610,servitude,
2611,setup,
2612,severe,
2613,severely,
2614,severity,
2615,shabby,
2616,shadow,
2617,shady,
2618,sham,
2619,shambles,
2620,shame,
2621,shameful,
2622,shamefully,
2623,shamefulness,
2624,shameless,
2625,shamelessly,
2626,shamelessness,
2627,shark,
2628,shatter,
2629,sheer,
2630,shirk,
2631,shirker,
2632,shit,
2633,shithead,
2634,shittiest,
2635,shiver,
2636,shock,
2637,shocking,
2638,shockingly,
2639,shoddy,
2640,shortchange,
2641,shortcoming,
2642,shortcomings,
2643,shortsighted,
2644,shortsightedness,
2645,shrew,
2646,shriek,
2647,shrill,
2648,shrilly,
2649,shrivel,
2650,shroud,
2651,shrouded,
2652,shun,
2653,shunned,
2654,shy,
2655,shyly,
2656,shyness,
2657,sickening,
2658,sickeningly,
2659,sickly,
2660,sidetrack,
2661,sidetracked,
2662,sillily,
2663,silly,
2664,simmer,
2665,simplistic,
2666,simplistically,
2667,sin,
2668,sinful,
2669,sinfully,
2670,sinister,
2671,sinisterly,
2672,skeletons,
2673,skeptical,
2674,skeptically,
2675,skepticism,
2676,skittish,
2677,skittishly,
2678,skulk,
2679,slander,
2680,slanderer,
2681,slanderous,
2682,slanderously,
2683,slanders,
2684,slap,
2685,slashing,
2686,slavery,
2687,slaves,
2688,sleazy,
2689,slime,
2690,sloppily,
2691,sloppy,
2692,sloth,
2693,slothful,
2694,slur,
2695,slut,
2696,sluttiest,
2697,sly,
2698,smack,
2699,smokescreen,
2700,smolder,
2701,smoldering,
2702,smother,
2703,smoulder,
2704,smouldering,
2705,smug,
2706,smugly,
2707,smut,
2708,smuttier,
2709,smuttiest,
2710,smutty,
2711,sneer,
2712,sneering,
2713,sneeringly,
2714,snub,
2715,sob,
2716,sobering,
2717,socal,
2718,socalled,
2719,somber,
2720,son-of-a-bitch,
2721,sore,
2722,sorely,
2723,sorrowful,
2724,sorrowfully,
2725,sorry,
2726,spade,
2727,spank,
2728,spilling,
2729,spiritless,
2730,spite,
2731,spiteful,
2732,spitefully,
2733,spitefulness,
2734,spoil,
2735,spook,
2736,spookier,
2737,spookiest,
2738,spookily,
2739,spooky,
2740,spoonfed,
2741,spoonfeed,
2742,spurious,
2743,spurn,
2744,sputter,
2745,squabble,
2746,squabbling,
2747,squander,
2748,squash,
2749,squirm,
2750,staggering,
2751,staggeringly,
2752,stagnate,
2753,stagnation,
2754,staid,
2755,stale,
2756,stalemate,
2757,stammer,
2758,standstill,
2759,stark,
2760,starkly,
2761,startle,
2762,startling,
2763,startlingly,
2764,stench,
2765,stereotype,
2766,stereotypical,
2767,stereotypically,
2768,stern,
2769,stew,
2770,stifle,
2771,stifling,
2772,stiflingly,
2773,stigma,
2774,stigmatize,
2775,stinging,
2776,stingingly,
2777,stink,
2778,stinking,
2779,stodgy,
2780,stooge,
2781,stooges,
2782,strange,
2783,strangely,
2784,stranger,
2785,strangest,
2786,stress,
2787,stressful,
2788,stressfully,
2789,stricken,
2790,strict,
2791,strictly,
2792,strident,
2793,stridently,
2794,strife,
2795,struggle,
2796,strut,
2797,stubborn,
2798,stubbornly,
2799,stubbornness,
2800,stuffy,
2801,stupid,
2802,stupidity,
2803,stupidly,
2804,stupified,
2805,stupify,
2806,stupor,
2807,sty,
2808,subjugate,
2809,subjugation,
2810,subservience,
2811,subservient,
2812,succumb,
2813,sucker,
2814,sufferer,
2815,sufferers,
2816,suffering,
2817,suffocate,
2818,sugarcoat,
2819,sugarcoated,
2820,suicidal,
2821,suicide,
2822,sulk,
2823,sullen,
2824,sully,
2825,sunder,
2826,superficial,
2827,superficiality,
2828,superficially,
2829,superfluous,
2830,superiority,
2831,superstition,
2832,superstitious,
2833,supremacy,
2834,suspicions,
2835,suspicious,
2836,suspiciously,
2837,swagger,
2838,swamped,
2839,swear,
2840,swindle,
2841,swipe,
2842,swore,
2843,sympathetic,
2844,sympathetically,
2845,sympathies,
2846,sympathize,
2847,sympathy,
2848,taboo,
2849,taint,
2850,tainted,
2851,tantrum,
2852,tattered,
2853,taunt,
2854,taunting,
2855,tauntingly,
2856,taunts,
2857,tawdry,
2858,teasingly,
2859,tedious,
2860,tediously,
2861,temerity,
2862,temptation,
2863,terrible,
2864,terribleness,
2865,terribly,
2866,terror,
2867,terrorgenic,
2868,terrorise,
2869,terrorised,
2870,terrorises,
2871,terrorism,
2872,terrorisms,
2873,terrorist,
2874,terroristic,
2875,terrorists,
2876,terrorize,
2877,terrorized,
2878,terrorizes,
2879,thankless,
2880,thirst,
2881,thorny,
2882,thoughtless,
2883,thoughtlessly,
2884,thoughtlessness,
2885,throttle,
2886,thwart,
2887,timid,
2888,timidity,
2889,timidly,
2890,timidness,
2891,tired,
2892,tiresome,
2893,tiring,
2894,tiringly,
2895,toil,
2896,torment,
2897,tormented,
2898,torrent,
2899,tortuous,
2900,torture,
2901,tortured,
2902,torturers,
2903,tortures,
2904,torturing,
2905,torturous,
2906,torturously,
2907,touchy,
2908,toughness,
2909,traduce,
2910,tragedy,
2911,tragic,
2912,tragically,
2913,traitor,
2914,traitorous,
2915,traitorously,
2916,tramp,
2917,trample,
2918,trauma,
2919,traumatic,
2920,traumatically,
2921,traumatize,
2922,traumatized,
2923,travesties,
2924,travesty,
2925,treachery,
2926,treason,
2927,treasonous,
2928,trick,
2929,trickery,
2930,tricky,
2931,trivial,
2932,trivialize,
2933,trivially,
2934,trouble,
2935,troublemaker,
2936,troublesome,
2937,troublesomely,
2938,troubling,
2939,troublingly,
2940,turmoil,
2941,twat,
2942,twist,
2943,twisted,
2944,tyrannical,
2945,tyrannically,
2946,tyranny,
2947,tyrant,
2948,ugh,
2949,ugliness,
2950,ugly,
2951,ulterior,
2952,ultimatum,
2953,ultimatums,
2954,ultrahardline,
2955,unacceptable,
2956,unacceptablely,
2957,unattractive,
2958,unbearable,
2959,unbearablely,
2960,unbelievable,
2961,unbelievably,
2962,uncivil,
2963,uncivilized,
2964,unclean,
2965,uncompromising,
2966,uncompromisingly,
2967,unconvincing,
2968,unconvincingly,
2969,uncouth,
2970,undependability,
2971,undependable,
2972,underdog,
2973,underestimate,
2974,underlings,
2975,undermine,
2976,undesirable,
2977,undignified,
2978,undue,
2979,unease,
2980,uneasily,
2981,uneasiness,
2982,uneasy,
2983,unequal,
2984,unethical,
2985,unexpectedly,
2986,unfair,
2987,unfairly,
2988,unfaithful,
2989,unfaithfully,
2990,unfavorable,
2991,unfeeling,
2992,unfit,
2993,unfortunate,
2994,unfortunately,
2995,unfounded,
2996,unfriendly,
2997,ungovernable,
2998,ungrateful,
2999,unhappily,
3000,unhappiness,
3001,unhappy,
3002,unilateralism,
3003,unimaginable,
3004,unimaginably,
3005,unimportant,
3006,unipolar,
3007,unjust,
3008,unjustifiable,
3009,unjustifiably,
3010,unjustly,
3011,unkind,
3012,unkindly,
3013,unlamentable,
3014,unlamentably,
3015,unleash,
3016,unlucky,
3017,unnaturally,
3018,unnerve,
3019,unnerved,
3020,unnerving,
3021,unnervingly,
3022,unorthodox,
3023,unorthodoxy,
3024,unpleasant,
3025,unpleasantries,
3026,unpopular,
3027,unprecedent,
3028,unprecedented,
3029,unqualified,
3030,unravel,
3031,unrealistic,
3032,unreasonably,
3033,unrelenting,
3034,unrelentingly,
3035,unreliability,
3036,unreliable,
3037,unrest,
3038,unruly,
3039,unsavory,
3040,unscrupulous,
3041,unscrupulously,
3042,unseemly,
3043,unsettle,
3044,unsettling,
3045,unsettlingly,
3046,unsophisticated,
3047,unsound,
3048,unspeakable,
3049,unspeakablely,
3050,unsuspecting,
3051,untenable,
3052,unthinkable,
3053,unthinkably,
3054,untimely,
3055,untrue,
3056,untrustworthy,
3057,untruthful,
3058,unusually,
3059,unwanted,
3060,unwarranted,
3061,unwelcome,
3062,unwieldy,
3063,unwilling,
3064,unwillingly,
3065,unwillingness,
3066,unwise,
3067,unwisely,
3068,unworkable,
3069,unworthy,
3070,unyielding,
3071,upbraid,
3072,upheaval,
3073,uproar,
3074,uproarious,
3075,uproariously,
3076,uproarous,
3077,uproarously,
3078,upsetting,
3079,upsettingly,
3080,urgency,
3081,usurp,
3082,usurper,
3083,utter,
3084,utterly,
3085,vagrant,
3086,vain,
3087,vainly,
3088,vehement,
3089,vehemently,
3090,vengeance,
3091,vengeful,
3092,vengefully,
3093,vengefulness,
3094,venom,
3095,venomous,
3096,venomously,
3097,vent,
3098,vestiges,
3099,veto,
3100,vex,
3101,vexation,
3102,vexing,
3103,vexingly,
3104,vice,
3105,vicious,
3106,viciously,
3107,viciousness,
3108,victimize,
3109,vie,
3110,vile,
3111,vileness,
3112,vilify,
3113,villainous,
3114,villainously,
3115,villains,
3116,villian,
3117,villianous,
3118,villianously,
3119,villify,
3120,vindictive,
3121,vindictively,
3122,vindictiveness,
3123,violate,
3124,violator,
3125,violence,
3126,virulence,
3127,virulent,
3128,virulently,
3129,virus,
3130,vociferous,
3131,vociferously,
3132,vulgar,
3133,wail,
3134,waning,
3135,wanton,
3136,warily,
3137,wariness,
3138,warlike,
3139,wary,
3140,watchdog,
3141,wayward,
3142,weaken,
3143,weakening,
3144,weakness,
3145,weaknesses,
3146,weariness,
3147,wearisome,
3148,wee,
3149,weird,
3150,weirdly,
3151,wheedle,
3152,whimper,
3153,whine,
3154,whips,
3155,whore,
3156,wicked,
3157,wickedly,
3158,wickedness,
3159,wiles,
3160,wilt,
3161,wily,
3162,wince,
3163,woe,
3164,woebegone,
3165,woeful,
3166,woefully,
3167,worried,
3168,worriedly,
3169,worrier,
3170,worries,
3171,worrisome,
3172,worry,
3173,worrying,
3174,worryingly,
3175,worse,
3176,worsen,
3177,worsening,
3178,worst,
3179,worthless,
3180,worthlessly,
3181,worthlessness,
3182,wrangle,
3183,wrath,
3184,wrest,
3185,wretch,
3186,wretched,
3187,wretchedly,
3188,wretchedness,
3189,wrongly,
3190,wtf,
3191,yawn,
3192,yelp,
3193,zealot,
3194,zealous,
3195,zealously,
